from,from_name,to,to_name,cue,source_field,source_record,secondary_source,excerpt,map_visible_if_confirmed,status
tcsh,tcsh,c-shell,C shell,based on,wikipedia_summary,https://github.com/breck7/pldb/blob/main/concepts/c-shell.scroll,https://en.wikipedia.org/wiki/C_Shell,"o different packages: csh and tcsh. The former is based on the original BSD version of csh and the latter is the improved tcsh. tcsh added filename and command completion and command line editing concepts borrowed from the Tenex system, w",True,candidate-needs-source-review
lisp,Lisp,clojure,Clojure,dialect of,wikipedia_summary,https://github.com/breck7/pldb/blob/main/concepts/clojure.scroll,https://en.wikipedia.org/wiki/Clojure,"Clojure ( , like ""closure"") is a dialect of the Lisp programming language. Clojure is a general-purpose programming language with an emphasis on functional programming. It runs on the Java virtual machine and the Common Lan",True,candidate-needs-source-review
lisp,Lisp,common-lisp,Common Lisp,dialect of,wikipedia_summary,https://github.com/breck7/pldb/blob/main/concepts/common-lisp.scroll,https://en.wikipedia.org/wiki/Common_Lisp,"Common Lisp (CL) is a dialect of the Lisp programming language, published in ANSI standard document ANSI INCITS 226-1994 (R2004) (formerly X3.226-1994 (R1999)). The Common Lisp HyperSpec, a hyperlinked HTML versi",True,candidate-needs-source-review
common-lisp,Common Lisp,dylan,Dylan,derived from,wikipedia_summary,https://github.com/breck7/pldb/blob/main/concepts/dylan.scroll,https://en.wikipedia.org/wiki/Dylan_(programming_language)," Common Lisp and adds an integrated object system derived from the Common Lisp Object System (CLOS). In Dylan, all values (including numbers, characters, functions, and classes) are first-class objects. Dylan supports multiple inheritance, po",True,candidate-needs-source-review
python,Python,f-sharp,F#,influenced by,wikipedia_summary,https://github.com/breck7/pldb/blob/main/concepts/f-sharp.scroll,https://en.wikipedia.org/wiki/F_Sharp_(programming_language)," the programming language OCaml, It has also been influenced by C#, Python, Haskell, Scala, and Erlang.",True,candidate-needs-source-review
basic,BASIC,gambas,Gambas,dialect of,wikipedia_summary,https://github.com/breck7/pldb/blob/main/concepts/gambas.scroll,https://en.wikipedia.org/wiki/Gambas,"Gambas is the name of an object-oriented dialect of the BASIC programming language, as well as the integrated development environment that accompanies it. Designed to run on Linux and other Unix-like computer operating systems, its",True,candidate-needs-source-review
miranda,Miranda,haskell,Haskell,based on,wikipedia_summary,https://github.com/breck7/pldb/blob/main/concepts/haskell.scroll,https://en.wikipedia.org/wiki/Haskell_(programming_language),"ation is the Glasgow Haskell Compiler. Haskell is based on the semantics, but not the syntax, of the language Miranda, which served to focus the efforts of the initial Haskell working group. Haskell is used widely in academia and industry",True,candidate-needs-source-review
lisp,Lisp,hy,Hy,dialect of,wikipedia_summary,https://github.com/breck7/pldb/blob/main/concepts/hy.scroll,https://en.wikipedia.org/wiki/Hy_(programming_language),"alternately, Hylang) is a programming language, a dialect of the language Lisp designed to interact with the language Python by translating expressions into Python's abstract syntax tree (AST). Hy was introduced at Python Conference (PyCon)",True,candidate-needs-source-review
javascript,JavaScript,jsf,JSFuck,based on,description,https://github.com/breck7/pldb/blob/main/concepts/jsf.scroll,https://en.wikipedia.org/wiki/JSFuck, is an esoteric and educational programming style based on the atomic parts of JavaScript. It uses only six different characters to write and execute code.,True,candidate-needs-source-review
sass,Sass,less,Less,influenced by,wikipedia_summary,https://github.com/breck7/pldb/blob/main/concepts/less.scroll,https://en.wikipedia.org/wiki/Less_(stylesheet_language)," server side. Designed by Alexis Sellier, Less is influenced by Sass and has influenced the newer ""SCSS"" syntax of Sass, which adapted its CSS-like block formatting syntax. Less is open source. Its first version was written in Ruby; however, i",True,candidate-needs-source-review
java,Java,matlab,MATLAB,implementation of,wikipedia_summary,https://github.com/breck7/pldb/blob/main/concepts/matlab.scroll,https://en.wikipedia.org/wiki/MATLAB,"ix manipulations, plotting of functions and data, implementation of algorithms, creation of user interfaces, and interfacing with programs written in other languages, including C, C++, C#, Java, Fortran and Python. Although MATLAB is intended prim",True,candidate-needs-source-review
perl,Perl,raku,Raku,based on,wikipedia_summary,https://github.com/breck7/pldb/blob/main/concepts/raku.scroll,https://en.wikipedia.org/wiki/Raku_(programming_language)," multiple Raku implementation projects. Rakudo is based on NQP (Not Quite Perl) and can use MoarVM or the Java Virtual Machine as a runtime environment, and releases a new version every month (including precompiled Linux packages); in Jul",True,candidate-needs-source-review
setl,SETL,rapira,Rapira,based on,wikipedia_summary,https://github.com/breck7/pldb/blob/main/concepts/rapira.scroll,https://en.wikipedia.org/wiki/Rapira,"Hello, world!!!'; end proc  Rapira's ideology was based on such languages as POP-2 and SETL, with strong influences from ALGOL.",True,candidate-needs-source-review
visual-basic,Visual Basic,vbscript,VBScript,modeled on,wikipedia_summary,https://github.com/breck7/pldb/blob/main/concepts/vbscript.scroll,https://en.wikipedia.org/wiki/VBScript,"Scripting language developed by Microsoft that is modeled on Visual Basic. It allows Microsoft Windows system administrators to generate powerful tools for managing computers with error handling, subroutines, and other advanced programming ",True,candidate-needs-source-review
forth,Forth,51forth,51forth,implementation of,wikipedia_summary,https://github.com/breck7/pldb/blob/main/concepts/51forth.scroll,https://en.wikipedia.org/wiki/51-FORTH,"51-FORTH is an implementation of the Forth programming language for the Intel 8051 microcontroller. It was created in 1989 by Scott Gehmlich of IDACOM Electronics (which was acquired by Hewlett-Packard in 1990), ",False,candidate-needs-source-review
basic,BASIC,abc-80,ABC 80,based on,wikipedia_summary,https://github.com/breck7/pldb/blob/main/concepts/abc-80.scroll,https://en.wikipedia.org/wiki/ABC_80,uced on the market in August 1978. The ABC 80 was based on an earlier modular computer system from the same company and built around a Z80 and 16 KB of ROM containing a fast semi-compiling BASIC interpreter. It had 16-32 KB of RAM as main,False,candidate-needs-source-review
common-lisp,Common Lisp,abcl-lang,Armed Bear Common Lisp,implementation of,description,https://github.com/breck7/pldb/blob/main/concepts/abcl-lang.scroll,,"Armed Bear Common Lisp (ABCL) is a full implementation of the Common Lisp language featuring both an interpreter and a compiler, running in the JVM. Originally started to be a scripting language for the J editor, it now supports JSR-223 ",False,candidate-needs-source-review
javascript,JavaScript,actionscript,ActionScript,dialect of,wikipedia_summary,https://github.com/breck7/pldb/blob/main/concepts/actionscript.scroll,https://en.wikipedia.org/wiki/ActionScript,"the scripting language for HyperCard. It is now a dialect of ECMAScript (meaning it is a superset of the syntax and semantics of the language more widely known as JavaScript), though it originally arose as a sibling, both being influenced b",False,candidate-needs-source-review
pascal,Pascal,aldor,Aldor,influenced by,wikipedia_summary,https://github.com/breck7/pldb/blob/main/concepts/aldor.scroll,https://en.wikipedia.org/wiki/Aldor," as first-class values. Aldor's syntax is heavily influenced by Pascal, but it is optionally indentation-sensitive, using whitespace characters and the off-side rule, like Python. In its current implementation, it is compiled, but an interacti",False,candidate-needs-source-review
algol-60,ALGOL 60,algol-68,ALGOL 68,successor to,wikipedia_summary,https://github.com/breck7/pldb/blob/main/concepts/algol-68.scroll,https://en.wikipedia.org/wiki/ALGOL_68,"uter programming language that was conceived as a successor to the ALGOL 60 programming language, designed with the goal of a much wider scope of application and more rigorously defined syntax and semantics. The contributions of ALGOL 68 to t",False,candidate-needs-source-review
algol,Algol,algol-68-r,ALGOL 68-R,implementation of,wikipedia_summary,https://github.com/breck7/pldb/blob/main/concepts/algol-68-r.scroll,https://en.wikipedia.org/wiki/ALGOL_68-R,ALGOL 68-R was the first implementation of the Algorithmic language ALGOL 68. In December 1968 the report on the Algorithmic language ALGOL 68 was published.  On 20–24 July 1970 a working conference was arranged by the IFI,False,candidate-needs-source-review
algol-60,ALGOL 60,algol-n,ALGOL N,successor to,wikipedia_summary,https://github.com/breck7/pldb/blob/main/concepts/algol-n.scroll,https://en.wikipedia.org/wiki/ALGOL_N,ALGOL N is the name of a successor to ALGOL 60 designed in Japan with the aim of being as powerful as ALGOL 68 but as simple as ALGOL 60. The language was proposed by Nobuo Yoneda. Algol N tried to use extensibility i,False,candidate-needs-source-review
algol,Algol,algol-w,ALGOL W,based on,wikipedia_summary,https://github.com/breck7/pldb/blob/main/concepts/algol-w.scroll,https://en.wikipedia.org/wiki/ALGOL_W,ALGOL W is a programming language. It is based on a proposal for ALGOL X by Niklaus Wirth and Tony Hoare as a successor to ALGOL 60 in IFIP Working Group 2.1. When the committee decided that the proposal was not a sufficient adva,False,candidate-needs-source-review
standard-ml,Standard ML,alice,Alice,dialect of,wikipedia_summary,https://github.com/breck7/pldb/blob/main/concepts/alice.scroll,https://en.wikipedia.org/wiki/Alice_(programming_language),"aarland University, Saarbrücken, Germany. It is a dialect of Standard ML, augmented with support for lazy evaluation, concurrency (multithreading and distributed computing via remote procedure calls) and constraint programming.",False,candidate-needs-source-review
algol-60,ALGOL 60,ambit,AMBIT,influenced by,wikipedia_summary,https://github.com/breck7/pldb/blob/main/concepts/ambit.scroll,https://en.wikipedia.org/wiki/AMBIT," 1964 for symbolic computation.  The language was influenced by ALGOL 60 and is an early example of a pattern matching language for manipulation of strings (a more popular example from the same time is SNOBOL). The acronym AMBIT stands for ""Al",False,candidate-needs-source-review
basic,BASIC,amos,AMOS,dialect of,wikipedia_summary,https://github.com/breck7/pldb/blob/main/concepts/amos.scroll,https://en.wikipedia.org/wiki/AMOS_(programming_language),AMOS BASIC is a dialect of the BASIC programming language implemented on the Amiga computer. AMOS BASIC was published by Europress Software and originally written by François Lionet with Constantin Sotiropo,False,candidate-needs-source-review
basic,BASIC,applesoft-basic,Applesoft BASIC,dialect of,wikipedia_summary,https://github.com/breck7/pldb/blob/main/concepts/applesoft-basic.scroll,https://en.wikipedia.org/wiki/Applesoft_BASIC,"Applesoft BASIC is a dialect of Microsoft BASIC, developed by Marc McDonald and Ric Weiland,  supplied with the Apple II series of computers. It supersedes Integer BASIC and is the BASIC in ROM in all Apple II s",False,candidate-needs-source-review
lisp,Lisp,arc,Arc,dialect of,wikipedia_summary,https://github.com/breck7/pldb/blob/main/concepts/arc.scroll,https://en.wikipedia.org/wiki/Arc_(programming_language),Arc is a dialect of the Lisp programming language developed by Paul Graham and Robert Morris.,False,candidate-needs-source-review
rexx,Rexx,arexx,ARexx,implementation of,wikipedia_summary,https://github.com/breck7/pldb/blob/main/concepts/arexx.scroll,https://en.wikipedia.org/wiki/ARexx,"ARexx is an implementation of the Rexx language for the Amiga, written in 1987 by William S. Hawes, with a number of Amiga-specific features beyond standard REXX facilities.  Like most REXX implementations, AR",False,candidate-needs-source-review
basic,BASIC,atari-st-basic,Atari ST BASIC,dialect of,wikipedia_summary,https://github.com/breck7/pldb/blob/main/concepts/atari-st-basic.scroll,https://en.wikipedia.org/wiki/Atari_ST_BASIC,"Atari ST BASIC (or ST Basic) was the first dialect of BASIC that was produced for the Atari ST line of computers. It was bundled with all new STs in the early years of the ST's lifespan, and quickly became the standard BASIC for that",False,candidate-needs-source-review
java,Java,atomos,Atomos,derived from,description,https://github.com/breck7/pldb/blob/main/concepts/atomos.scroll,,"scalable multiprocessor implementation. Atomos is derived from Java, but replaces its synchronization and conditional waiting constructs with simpler transactional alternatives.",False,candidate-needs-source-review
basic,BASIC,basic-11,BASIC-11,dialect of,wikipedia_summary,https://github.com/breck7/pldb/blob/main/concepts/basic-11.scroll,https://en.wikipedia.org/wiki/BASIC-11,"BASIC-11 was a dialect of the basic language for PDP-11 operating systems such as RSX-11, RT-11, TSX and TSX-Plus.  It was a classic BASIC in that it used line numbers, supported line number editing, and c",False,candidate-needs-source-review
basic,BASIC,basic-ap,BASIC A+,extension of,wikipedia_summary,https://github.com/breck7/pldb/blob/main/concepts/basic-ap.scroll,https://en.wikipedia.org/wiki/BASIC_A%2B," OS/A+ and EASMD (Editor/Assembler), and being an extension of Atari BASIC, came with a supplement to the latter's reference manual as its documentation. In addition to being faster than its ROM-bound counterpart, BASIC A+ provided a number o",False,candidate-needs-source-review
basic,BASIC,basic-plus,BASIC-PLUS,dialect of,wikipedia_summary,https://github.com/breck7/pldb/blob/main/concepts/basic-plus.scroll,https://en.wikipedia.org/wiki/BASIC-PLUS,BASIC-PLUS was an extended dialect of the BASIC programming language developed by DEC (DEC) for use on its RSTS/E time-sharing operating system for the PDP-11 series of 16-bit minicomputers in the early 1970s through ,False,candidate-needs-source-review
basic,BASIC,basic4ppc,Basic4ppc,based on,wikipedia_summary,https://github.com/breck7/pldb/blob/main/concepts/basic4ppc.scroll,https://en.wikipedia.org/wiki/Basic4ppc,"ing system, by Anywhere Software. The language is based on a BASIC-like syntax, taking advantage of Microsoft's .NET technology, to allow additional libraries, graphical user interface design of windows forms, rapid application developmen",False,candidate-needs-source-review
basic,BASIC,basicx,BasicX,based on,wikipedia_summary,https://github.com/breck7/pldb/blob/main/concepts/basicx.scroll,https://en.wikipedia.org/wiki/BasicX,ifically for NetMedia's BX-24 microcontroller and based on the BASIC programming language. It is used in the design of robotics projects such as the Robodyssey Systems Mouse robot.,False,candidate-needs-source-review
basic,BASIC,bbc-basic,BBC BASIC,based on,wikipedia_summary,https://github.com/breck7/pldb/blob/main/concepts/bbc-basic.scroll,https://en.wikipedia.org/wiki/BBC_BASIC,"t was written mainly by Sophie Wilson. BBC BASIC, based on the older Atom BASIC (for the Acorn Atom), extended traditional BASIC with named DEF PROC/DEF FN procedures and functions, REPEAT UNTIL loops, and IF THEN ELSE structures inspired",False,candidate-needs-source-review
scheme,Scheme,black,Black,extension of,description,https://github.com/breck7/pldb/blob/main/concepts/black.scroll,,"Black is an extension of Scheme with a reflective construct exec-at-metalevel. It executes its argument at the metalevel where the interpreter that executes user programs is running. There, one can observ",False,candidate-needs-source-review
basic,BASIC,blitz3d,Blitz3D,derived from,wikipedia_summary,https://github.com/breck7/pldb/blob/main/concepts/blitz3d.scroll,https://en.wikipedia.org/wiki/Blitz3D," by New Zealand-based developer Mark Sibly. Being derived from BASIC, Blitz syntax was designed to be easy to pick up for beginners first learning to program.  The languages are game-programming oriented but are often found general-purpose en",False,candidate-needs-source-review
basic,BASIC,blitzbasic,BlitzBasic,derived from,wikipedia_summary,https://github.com/breck7/pldb/blob/main/concepts/blitzbasic.scroll,https://en.wikipedia.org/wiki/Blitz_BASIC," by New Zealand-based developer Mark Sibly. Being derived from BASIC, Blitz syntax was designed to be easy to pick up for beginners first learning to program.  The languages are game-programming oriented but are often found general-purpose en",False,candidate-needs-source-review
basic,BASIC,blitzplus,BlitzPlus,derived from,wikipedia_summary,https://github.com/breck7/pldb/blob/main/concepts/blitzplus.scroll,https://en.wikipedia.org/wiki/BlitzPlus," by New Zealand-based developer Mark Sibly. Being derived from BASIC, Blitz syntax was designed to be easy to pick up for beginners first learning to program.  The languages are game-programming oriented but are often found general-purpose en",False,candidate-needs-source-review
pascal,Pascal,cedar,Cedar,derived from,description,https://github.com/breck7/pldb/blob/main/concepts/cedar.scroll,,"The Cedar language is a programming language derived from Mesa, which in turn is derived from Pascal. It is meant to be used for a wide variety of programming tasks, ranging from low level systems software to large applications. In addit",False,candidate-needs-source-review
scheme,Scheme,chicken,CHICKEN,dialect of,wikipedia_summary,https://github.com/breck7/pldb/blob/main/concepts/chicken.scroll,https://en.wikipedia.org/wiki/CHICKEN_(Scheme_implementation),"ally a compiler and interpreter which implement a dialect of the programming language Scheme, and which compiles Scheme source code to standard C. It is mostly R5RS compliant and offers many extensions to the standard. The newer R7RS standa",False,candidate-needs-source-review
pascal,Pascal,chipmunk-basic,Chipmunk Basic,based on,wikipedia_summary,https://github.com/breck7/pldb/blob/main/concepts/chipmunk-basic.scroll,https://en.wikipedia.org/wiki/Chipmunk_Basic,"oducts for Palm OS, cBasPad and HotPaw BASIC) was based on a public domain, Pascal implementation by David Gillespie, author of the Pascal translation tool p2c. In January 2015, a Cocoa version was released that may lack features from the",False,candidate-needs-source-review
common-lisp,Common Lisp,clisp,CLISP,implementation of,wikipedia_summary,https://github.com/breck7/pldb/blob/main/concepts/clisp.scroll,https://en.wikipedia.org/wiki/CLISP,"In computing, CLISP is an implementation of the programming language Common Lisp originally developed by Bruno Haible and Michael Stoll for the Atari ST. Today it supports the Unix and Microsoft Windows  operating systems. ",False,candidate-needs-source-review
python,Python,cobra,Cobra,influenced by,wikipedia_summary,https://github.com/breck7/pldb/blob/main/concepts/cobra.scroll,https://en.wikipedia.org/wiki/Cobra_(programming_language),"Microsoft .NET and Mono platforms. It is strongly influenced by Python, C#, Eiffel, Objective-C, and other programming languages. It supports both static and dynamic typing. It has support for unit tests and contracts. It has lambda expression",False,candidate-needs-source-review
pascal,Pascal,codegear-delphi,CodeGear Delphi,dialect of,wikipedia_summary,https://github.com/breck7/pldb/blob/main/concepts/codegear-delphi.scroll,https://en.wikipedia.org/wiki/CodeGear_Delphi,".  Delphi's compilers use their own Object Pascal dialect of Pascal and generate native code for Microsoft Windows, macOS (IA-32 only), iOS, Android and Linux (x64 only). Since 2016, there have been new releases of Delphi every six months, ",False,candidate-needs-source-review
basic,BASIC,color-basic,Color BASIC,implementation of,wikipedia_summary,https://github.com/breck7/pldb/blob/main/concepts/color-basic.scroll,https://en.wikipedia.org/wiki/Color_BASIC,Color BASIC is the implementation of Microsoft BASIC that is included in the ROM of the Tandy/Radio Shack TRS-80 Color Computers manufactured between 1980 and 1991. BASIC (Beginners All-purpose Symbolic Instruction C,False,candidate-needs-source-review
basic,BASIC,commodore-basic,Commodore BASIC,dialect of,wikipedia_summary,https://github.com/breck7/pldb/blob/main/concepts/commodore-basic.scroll,https://en.wikipedia.org/wiki/Commodore_BASIC,"Commodore BASIC, also known as PET BASIC, is the dialect of the BASIC programming language used in Commodore International's 8-bit home computer line, stretching from the PET of 1977 to the C128 of 1985. The core was based on 6502 Microsof",False,candidate-needs-source-review
standard-ml,Standard ML,concurrent-ml,Concurrent ML,extension of,wikipedia_summary,https://github.com/breck7/pldb/blob/main/concepts/concurrent-ml.scroll,https://en.wikipedia.org/wiki/Concurrent_ML,Concurrent ML (CML) is a concurrent extension of the Standard ML programming language characterized by its ability to allow programmers to create composable communication abstractions that are first class rather than built into ,False,candidate-needs-source-review
basic,BASIC,corelscript,CorelScript,dialect of,description,https://github.com/breck7/pldb/blob/main/concepts/corelscript.scroll,,"CorelSCRIPT is a dialect of Basic that serves as the macro extension language for many products from Corel Corp, including their line of graphics products. While the syntax of CorelSCRIPT is nearly identical",False,candidate-needs-source-review
common-lisp,Common Lisp,corman-common-lisp,Corman Common Lisp,implementation of,wikipedia_summary,https://github.com/breck7/pldb/blob/main/concepts/corman-common-lisp.scroll,https://en.wikipedia.org/wiki/Corman_Common_Lisp,Corman Common Lisp is a commercial implementation of the Common Lisp programming language featuring support for the Windows operating system.,False,candidate-needs-source-review
lisp,Lisp,cowsel,COWSEL,based on,wikipedia_summary,https://github.com/breck7/pldb/blob/main/concepts/cowsel.scroll,https://en.wikipedia.org/wiki/COWSEL,etween 1964 and 1966 by Robin Popplestone. It was based on an RPN form of Lisp combined with some ideas from CPL. COWSEL was initially implemented on a Ferranti Pegasus computer at the University of Leeds and on a Stantec Zebra at the Bra,False,candidate-needs-source-review
lisp,Lisp,croma,Croma,dialect of,wikipedia_summary,https://github.com/breck7/pldb/blob/main/concepts/croma.scroll,https://en.wikipedia.org/wiki/Croma,"ma may refer to:  Croma (programming language), a dialect of the Lisp programming language Cromā, an Indian retailer of consumer electronics Giulio Croma (died 1632), an Italian painter Fiat Croma, a car Italian for an eighth note in music",False,candidate-needs-source-review
fortran,Fortran,dap-fortran,DAP FORTRAN,extension of,wikipedia_summary,https://github.com/breck7/pldb/blob/main/concepts/dap-fortran.scroll,https://en.wikipedia.org/wiki/DAP_FORTRAN,DAP FORTRAN was an extension of the non IO parts of FORTRAN with constructs that supported parallel computing for the ICL Distributed Array Processor (DAP). The DAP had a Single Instruction Multiple Data (SIMD) ,False,candidate-needs-source-review
basic,BASIC,data-general-business-basic,Data General Business Basic,based on,wikipedia_summary,https://github.com/breck7/pldb/blob/main/concepts/data-general-business-basic.scroll,https://en.wikipedia.org/wiki/Data_General_Business_Basic,"a General Business Basic was a BASIC interpreter (based on MAI Basic Four's version) developed by Data General for their Nova minicomputer in the 1970s, and later ported to the Data General Eclipse MV and AViiON computers. Most business a",False,candidate-needs-source-review
pascal,Pascal,datapoint-dasl,Datapoint's Advanced Systems Language,influenced by,wikipedia_summary,https://github.com/breck7/pldb/blob/main/concepts/datapoint-dasl.scroll,https://en.wikipedia.org/wiki/Datapoint%27s_Advanced_Systems_Language,"and compiler proprietary to Datapoint.  Primarily influenced by Pascal with some C touches, it was created in the early 1980s by Gene Hughes. The compiler output was assembly language, which was typically processed through a peep-hole optimize",False,candidate-needs-source-review
pascal,Pascal,delphi,Delphi,dialect of,wikipedia_summary,https://github.com/breck7/pldb/blob/main/concepts/delphi.scroll,https://en.wikipedia.org/wiki/Delphi_(programming_language),"e. Delphi's compilers use their own Object Pascal dialect of Pascal and generate native code for several platforms: Windows (x86 and x64), OS X (32-bit only), iOS (32 and 64-bit), Android and Linux (64-bit Intel). Delphi, part of RAD Studio",False,candidate-needs-source-review
lisp,Lisp,dern,Dern,dialect of,description,https://github.com/breck7/pldb/blob/main/concepts/dern.scroll,,"ent programming language in standard C99. It is a dialect of Lisp with influences from Scheme, Emacs Lisp and C. Runs in Amiga, Haiku, Plan9, Unix, Windows and almost anything between.",False,candidate-needs-source-review
java,Java,dyvil,dyvil,based on,description,https://github.com/breck7/pldb/blob/main/concepts/dyvil.scroll,,"igm, general purpose programming language that is based on Java and the JVM. It is a compiled, statically and strongly typed language that supports object-oriented, functional and imperative programming styles. The language features many ",False,candidate-needs-source-review
algol-60,ALGOL 60,elliott-algol,Elliott ALGOL,implementation of,wikipedia_summary,https://github.com/breck7/pldb/blob/main/concepts/elliott-algol.scroll,https://en.wikipedia.org/wiki/Elliott_ALGOL," in February 1962, it is believed to be the first implementation of an ALGOL 60 compiler in a commercial context and was an unexpectedly popular product for the company.",False,candidate-needs-source-review
lisp,Lisp,emacs-lisp,Emacs Lisp,dialect of,wikipedia_summary,https://github.com/breck7/pldb/blob/main/concepts/emacs-lisp.scroll,https://en.wikipedia.org/wiki/Emacs_Lisp,Emacs Lisp is a dialect of the Lisp programming language used as a scripting language by Emacs (a text editor family most commonly associated with GNU Emacs and XEmacs). It is used for implementing most of ,False,candidate-needs-source-review
smalltalk,Smalltalk,f-script,F-Script,based on,wikipedia_summary,https://github.com/breck7/pldb/blob/main/concepts/f-script.scroll,https://en.wikipedia.org/wiki/F-Script_(programming_language),"ippe Mougin.  F-Script is an interactive language based on Smalltalk, using macOS's native Cocoa API.",False,candidate-needs-source-review
basic,BASIC,fact,Fully Automated Compiling Technique,based on,wikipedia_summary,https://github.com/breck7/pldb/blob/main/concepts/fact.scroll,https://en.wikipedia.org/wiki/FACT_(computer_language),"gramming language. Some of the design of FACT was based on the linguistic project Basic English, developed about 1925 by C.K. Ogden. The software was actually designed by Computer Sciences Corporation (Fletcher Jones, Roy Nutt, and Robert",False,candidate-needs-source-review
algol,Algol,flacc,FLACC,implementation of,wikipedia_summary,https://github.com/breck7/pldb/blob/main/concepts/flacc.scroll,https://en.wikipedia.org/wiki/FLACC,FLACC is an implementation of the ALGOL 68 programming language. Chris Thomson and Colin Broughton founded Chion Corporation which developed and marketed FLACC (Full Language Algol 68 Checkout Compiler). This ,False,candidate-needs-source-review
fortran,Fortran,formac,FORMAC,based on,wikipedia_summary,https://github.com/breck7/pldb/blob/main/concepts/formac.scroll,https://en.wikipedia.org/wiki/FORMAC,"on Compiler, was an early computer algebra system based on FORTRAN.  It was developed by Jean E. Sammet. FORMAC supported computation, manipulation, and use of symbolic expressions.",False,candidate-needs-source-review
lisp,Lisp,framework-office-suite,Framework office suite,based on,wikipedia_summary,https://github.com/breck7/pldb/blob/main/concepts/framework-office-suite.scroll,https://en.wikipedia.org/wiki/Framework_%28office_suite%29,"r, the FRED (Frame Editor) computer language, was based on Lisp and included an Eval function. It applied to all text and frame type across the product. Framework could be considered a predecessor to the present GUI window metaphor as wel",False,candidate-needs-source-review
haskell,Haskell,fran,FRAN,dialect of,description,https://github.com/breck7/pldb/blob/main/concepts/fran.scroll,,Dialect of Haskell for interactive programming of animation.,False,candidate-needs-source-review
basic,BASIC,galaksija-basic,Galaksija BASIC,based on,wikipedia_summary,https://github.com/breck7/pldb/blob/main/concepts/galaksija-basic.scroll,https://en.wikipedia.org/wiki/Galaksija_BASIC,"e computer from Yugoslavia. While being partially based on code taken from TRS-80 Level 1 BASIC, which the creator believed to have been a Microsoft BASIC, the extensive modifications of Galaksija BASIC—such as to include rudimentary arra",False,candidate-needs-source-review
python,Python,genie,Genie,derived from,wikipedia_summary,https://github.com/breck7/pldb/blob/main/concepts/genie.scroll,https://en.wikipedia.org/wiki/Genie_(programming_language),"differences are only syntactic. Genie's syntax is derived from numerous modern languages like Python, Boo, D and Delphi. In the vein of Python, Genie uses indentation rather than curly brackets to delimit blocks. Like Vala, Genie uses the GOb",False,candidate-needs-source-review
javascript,JavaScript,geojson,GeoJSON,based on,wikipedia_summary,https://github.com/breck7/pldb/blob/main/concepts/geojson.scroll,https://en.wikipedia.org/wiki/GeoJSON,"s, along with their non-spatial attributes. It is based on JSON, the JavaScript Object Notation. The features include points (therefore addresses and locations), line strings (therefore streets, highways and boundaries), polygons (countri",False,candidate-needs-source-review
basic,BASIC,gfa-basic,GFA BASIC,dialect of,wikipedia_summary,https://github.com/breck7/pldb/blob/main/concepts/gfa-basic.scroll,https://en.wikipedia.org/wiki/GFA_BASIC,"GFA BASIC is a dialect of the BASIC programming language, by Frank Ostrowski.  The name is derived from the company (""GFA Systemtechnik GmbH""), which distributed the software. In the mid-1980s to the 1990s",False,candidate-needs-source-review
forth,Forth,gforth,Gforth,implementation of,wikipedia_summary,https://github.com/breck7/pldb/blob/main/concepts/gforth.scroll,https://en.wikipedia.org/wiki/Gforth,"Gforth is a free and portable implementation of the Forth programming language for Unix-like systems, Microsoft Windows, and other operating systems. A primary goal of Gforth is to adhere to the ANS Forth standard. Gforth is fr",False,candidate-needs-source-review
postscript,PostScript,ghostscript,Ghostscript,based on,wikipedia_summary,https://github.com/breck7/pldb/blob/main/concepts/ghostscript.scroll,https://en.wikipedia.org/wiki/Ghostscript,Ghostscript is a suite of software based on an interpreter for Adobe Systems' PostScript and Portable Document Format (PDF) page description languages. Its main purposes are the rasterization or rendering of such page descr,False,candidate-needs-source-review
javascript,JavaScript,google-apps-script,Google Apps Script,based on,wikipedia_summary,https://github.com/breck7/pldb/blob/main/concepts/google-apps-script.scroll,https://en.wikipedia.org/wiki/Google_Apps_Script,"cation development in the G Suite platform. It is based on JavaScript 1.6 with some portions of 1.7 and 1.8 and provides subset of ECMAScript 5 API, however instead of running on the client, it gets executed in the Google Cloud. According",False,candidate-needs-source-review
scheme,Scheme,guile,Guile,implementation of,wikipedia_summary,https://github.com/breck7/pldb/blob/main/concepts/guile.scroll,https://en.wikipedia.org/wiki/GNU_Guile,"ion system for the GNU Project, which features an implementation of the Scheme programming language. Its first version was released in 1993.  In addition to large parts of Scheme standards, Guile Scheme includes modularized extensions for many dif",False,candidate-needs-source-review
basic,BASIC,gw-basic,GW-BASIC,dialect of,wikipedia_summary,https://github.com/breck7/pldb/blob/main/concepts/gw-basic.scroll,https://en.wikipedia.org/wiki/GW-BASIC,"GW-BASIC is a dialect of the BASIC programming language developed by Microsoft from BASICA, originally for Compaq. It is otherwise identical to Microsoft/IBM BASICA, but is a fully self-contained executab",False,candidate-needs-source-review
basic,BASIC,high-tech-basic,High Tech BASIC,dialect of,wikipedia_summary,https://github.com/breck7/pldb/blob/main/concepts/high-tech-basic.scroll,https://en.wikipedia.org/wiki/High_Tech_BASIC,Rocky Mountain BASIC (also RMB or RM-BASIC) is a dialect of the BASIC programming language created by Hewlett-Packard.  It was especially popular for control of automatic test equipment using GPIB.  It has several features which are or wer,False,candidate-needs-source-review
basic,BASIC,hp-basic-for-openvms,HP BASIC for OpenVMS,dialect of,wikipedia_summary,https://github.com/breck7/pldb/blob/main/concepts/hp-basic-for-openvms.scroll,https://en.wikipedia.org/wiki/HP_BASIC_for_OpenVMS,HP BASIC for OpenVMS is the latest name for a dialect of the BASIC programming language created by DEC (DEC) and now owned by Hewlett-Packard Enterprise (HPE).  It was originally developed in the 1970s for the RSTS-11 operating system o,False,candidate-needs-source-review
basic,BASIC,hp-time-shared-basic,HP Time-Shared BASIC,dialect of,wikipedia_summary,https://github.com/breck7/pldb/blob/main/concepts/hp-time-shared-basic.scroll,https://en.wikipedia.org/wiki/HP_Time-Shared_BASIC,00 line of minicomputers. The system implements a dialect of the BASIC programming language and a rudimentary user account and program library system. The system is historically notable as the platform that released the first public version,False,candidate-needs-source-review
haskell,Haskell,id,Irvine Dataflow,dialect of,wikipedia_summary,https://github.com/breck7/pldb/blob/main/concepts/id.scroll,https://en.wikipedia.org/wiki/Id_(programming_language),"tors. It led to the development of pH, a parallel dialect of Haskell. Id programs are fine grained implicitly parallel. The MVar synchronisation variable abstraction in Haskell is based on Id's M-structures.",False,candidate-needs-source-review
scheme,Scheme,ikarus,Ikarus Scheme implementation,implementation of,wikipedia_summary,https://github.com/breck7/pldb/blob/main/concepts/ikarus.scroll,https://en.wikipedia.org/wiki/Ikarus_(Scheme_implementation), the x86 architecture. Ikarus is the first public implementation of a large part of the R6RS Scheme standard.,False,candidate-needs-source-review
algol,Algol,imp,IMP,based on,wikipedia_summary,https://github.com/breck7/pldb/blob/main/concepts/imp.scroll,https://en.wikipedia.org/wiki/IMP_(programming_language),"ugh its designer refers to the language as ""being based on ALGOL"", IMP excludes many defining features of that language, while supporting a very non-ALGOL-like one: syntax extensibility. A compiler for IMP existed as early as 1965 and was",False,candidate-needs-source-review
pascal,Pascal,ip-pascal,IP Pascal,implementation of,wikipedia_summary,https://github.com/breck7/pldb/blob/main/concepts/ip-pascal.scroll,https://en.wikipedia.org/wiki/IP_Pascal,"IP Pascal is an implementation of the Pascal programming language using the IP portability platform, a multiple machine, operating system and language implementation system.",False,candidate-needs-source-review
java,Java,java-ee-version-history,Java EE version history,based on,wikipedia_summary,https://github.com/breck7/pldb/blob/main/concepts/java-ee-version-history.scroll,https://en.wikipedia.org/wiki/Java_EE_version_history," of specifications, extending Java SE 8 (i.e. not based on latest Java 11; while can also work with later it or later than Java 8) with specifications for enterprise features such as distributed computing and web services. Java EE applica",False,candidate-needs-source-review
java,Java,join-java,Join Java,based on,wikipedia_summary,https://github.com/breck7/pldb/blob/main/concepts/join-java.scroll,https://en.wikipedia.org/wiki/Join_Java,Join Java is a programming language based on the join-pattern that extends the standard Java programming language with the join semantics of the join-calculus.  It was written at the University of South Australia within the ,False,candidate-needs-source-review
ruby,Ruby,jruby,JRuby,implementation of,wikipedia_summary,https://github.com/breck7/pldb/blob/main/concepts/jruby.scroll,https://en.wikipedia.org/wiki/JRuby,"JRuby is an implementation of the Ruby programming language atop the Java Virtual Machine, written largely in Java. It is free software released under a three-way EPL/GPL/LGPL license. JRuby is tightly integra",False,candidate-needs-source-review
python,Python,jython,Jython,implementation of,wikipedia_summary,https://github.com/breck7/pldb/blob/main/concepts/jython.scroll,https://en.wikipedia.org/wiki/Jython,Jython is an implementation of the Python programming language designed to run on the Java platform. It is the successor of JPython.,False,candidate-needs-source-review
lisp,Lisp,kawa-scheme-implementation,Kawa,dialect of,wikipedia_summary,https://github.com/breck7/pldb/blob/main/concepts/kawa-scheme-implementation.scroll,https://en.wikipedia.org/wiki/Kawa_%28Scheme_implementation%29,"hat implements the programming language Scheme, a dialect of Lisp, and can be used to implement other languages to run on the Java virtual machine (JVM). It is a part of the GNU Project. The name Kawa comes from the Polish word for coffee; ",False,candidate-needs-source-review
lisp,Lisp,kernel,Kernel,dialect of,description,https://github.com/breck7/pldb/blob/main/concepts/kernel.scroll,,"Kernel is a conservative, Scheme-like dialect of Lisp in which everything is a first-class object.",False,candidate-needs-source-review
prolog,Prolog,kl0,KL0,based on,wikipedia_summary,https://github.com/breck7/pldb/blob/main/concepts/kl0.scroll,https://en.wikipedia.org/wiki/KL0," (KL0) is a sequential logic programming language based on Prolog, used in the ICOT Fifth generation computer project.",False,candidate-needs-source-review
scheme,Scheme,larceny,Larceny Scheme implementation,implementation of,wikipedia_summary,https://github.com/breck7/pldb/blob/main/concepts/larceny.scroll,https://en.wikipedia.org/wiki/Larceny_(Scheme_implementation),Larceny is an implementation of the Scheme programming language built around the Twobit optimizing compiler. Larceny offers several back-ends able to target native x86 and ARMv7 code.  Petit Larceny is also avai,False,candidate-needs-source-review
lisp,Lisp,le-lisp,Le-Lisp,dialect of,wikipedia_summary,https://github.com/breck7/pldb/blob/main/concepts/le-lisp.scroll,https://en.wikipedia.org/wiki/Le_Lisp,"Le_Lisp and Le-Lisp) is a programming language, a dialect of the language Lisp.It was developed at the French Institute for Research in Computer Science and Automation (INRIA), to be an implementation language for a very large scale integra",False,candidate-needs-source-review
basic,BASIC,liberty-basic,Liberty BASIC,dialect of,wikipedia_summary,https://github.com/breck7/pldb/blob/main/concepts/liberty-basic.scroll,https://en.wikipedia.org/wiki/Liberty_BASIC," developed in Smalltalk, which recognizes its own dialect of the BASIC programming language. It runs on 16- and 32-bit Windows and OS/2.",False,candidate-needs-source-review
lisp,Lisp,lisp-2,LISP 2,successor to,wikipedia_summary,https://github.com/breck7/pldb/blob/main/concepts/lisp-2.scroll,https://en.wikipedia.org/wiki/LISP_2,"programming language proposed in the 1960s as the successor to Lisp. It had largely Lisp-like semantics and Algol 60-like syntax. Today it is mostly remembered for its syntax, but in fact it had many features beyond those of early Lisps. Earl",False,candidate-needs-source-review
lisp,Lisp,lisp-machine-lisp,Lisp Machine Lisp,dialect of,wikipedia_summary,https://github.com/breck7/pldb/blob/main/concepts/lisp-machine-lisp.scroll,https://en.wikipedia.org/wiki/Lisp_Machine_Lisp,"Lisp Machine Lisp is a programming language, a dialect of the language Lisp. A direct descendant of Maclisp, it was initially developed in the mid to late 1970s as the system programming language for the Massachusetts Institute of Techno",False,candidate-needs-source-review
lisp,Lisp,little-b,Little b,based on,wikipedia_summary,https://github.com/breck7/pldb/blob/main/concepts/little-b.scroll,https://en.wikipedia.org/wiki/Little_b_(programming_language),athematician Jeremy Gunawardena. This language is based on Lisp and is meant to allow modular programming to model biological systems.  It will allow more flexibility to facilitate rapid change that is required to accurately capture compl,False,candidate-needs-source-review
basic,BASIC,locomotive-basic,Locomotive BASIC,dialect of,wikipedia_summary,https://github.com/breck7/pldb/blob/main/concepts/locomotive-basic.scroll,https://en.wikipedia.org/wiki/Locomotive_BASIC,"Locomotive Basic is a proprietary dialect of the BASIC programming language written by Locomotive Software used only on the Amstrad CPC (where it was built-in on ROM). It was the main ancestor of Mallard BASIC, the interpret",False,candidate-needs-source-review
lisp,Lisp,logo,Logo,dialect of,wikipedia_summary,https://github.com/breck7/pldb/blob/main/concepts/logo.scroll,https://en.wikipedia.org/wiki/Logo_(programming_language),"ves Logo. Logo is a multi-paradigm adaptation and dialect of Lisp, a functional programming language. There is no standard Logo, but UCBLogo has the best facilities for handling lists, files, I/O, and recursion in scripts, and can be used t",False,candidate-needs-source-review
rust,Rust,luna-1,Luna,derived from,description,https://github.com/breck7/pldb/blob/main/concepts/luna-1.scroll,,"oncurrency at its core, async I/O, and influences derived from languages such as Lua, io, Rust, Ruby, and C. Luna favours unification and minimalism over minor obscure conveniences, providing the true convenience of a simple effective languag",False,candidate-needs-source-review
assembly-language,Assembly language,macro-11,MACRO-11,successor to,wikipedia_summary,https://github.com/breck7/pldb/blob/main/concepts/macro-11.scroll,https://en.wikipedia.org/wiki/MACRO-11,"r PDP-11 minicomputers from DEC (DEC).  It is the successor to PAL-11 (Program Assembler Loader), an earlier version of the PDP-11 assembly language without macro facilities. The MACRO-11 assembly language was designed for the PDP-11 minicomp",False,candidate-needs-source-review
basic,BASIC,mapbasic,MapBasic,based on,wikipedia_summary,https://github.com/breck7/pldb/blob/main/concepts/mapbasic.scroll,https://en.wikipedia.org/wiki/MapBasic,"onal geographical information system. MapBasic is based on the BASIC family of programming languages.MapBasic also allows programmers to develop software in popular programming languages such as C, C++ and Visual Basic and use these with ",False,candidate-needs-source-review
matlab,MATLAB,matplotlib,Matplotlib,based on,wikipedia_summary,https://github.com/breck7/pldb/blob/main/concepts/matplotlib.scroll,https://en.wikipedia.org/wiki/Matplotlib,"TK+. There is also a procedural ""pylab"" interface based on a state machine (like OpenGL), designed to closely resemble that of MATLAB, though its use is discouraged. SciPy makes use of matplotlib. matplotlib was originally written by John",False,candidate-needs-source-review
basic,BASIC,mbasic,MBASIC,implementation of,wikipedia_summary,https://github.com/breck7/pldb/blob/main/concepts/mbasic.scroll,https://en.wikipedia.org/wiki/MBASIC,MBASIC is the Microsoft BASIC implementation of BASIC for the CP/M operating system. MBASIC is a descendant of the original Altair BASIC interpreters that were among Microsoft's first products. MBASIC was one of the two version,False,candidate-needs-source-review
python,Python,micropython,MicroPython,implementation of,wikipedia_summary,https://github.com/breck7/pldb/blob/main/concepts/micropython.scroll,https://en.wikipedia.org/wiki/MicroPython,"MicroPython is a software implementation of the Python 3 programming language, written in C, that is optimized to run on a microcontroller. MicroPython is a full Python compiler and runtime that runs on the micro-controller",False,candidate-needs-source-review
ruby,Ruby,mirah,Mirah,based on,wikipedia_summary,https://github.com/breck7/pldb/blob/main/concepts/mirah.scroll,https://en.wikipedia.org/wiki/Mirah_(programming_language),"Mirah (formerly Duby) is a programming language based on Ruby language syntax, local type inference, hybrid static–dynamic type system, and a pluggable compiler toolchain. Mirah was created by Charles Oliver Nutter to be ""a 'Ruby-like' ",False,candidate-needs-source-review
modula-2,Modula-2,modula-3,Modula-3,successor to,wikipedia_summary,https://github.com/breck7/pldb/blob/main/concepts/modula-3.scroll,https://en.wikipedia.org/wiki/Modula-3,"Modula-3 is a programming language conceived as a successor to an upgraded version of Modula-2 known as Modula-2+. While it has been influential in research circles (influencing the designs of languages such as Java, C#, and Python) it has no",False,candidate-needs-source-review
basic,BASIC,monkey,Monkey,dialect of,wikipedia_summary,https://github.com/breck7/pldb/blob/main/concepts/monkey.scroll,https://en.wikipedia.org/wiki/Monkey_(programming_language),"nsoles. The language itself is an object-oriented dialect of BASIC, which the compiler translates into native source code for several target platforms. The resulting code is then compiled normally. Currently the official target platforms in",False,candidate-needs-source-review
algol,Algol,moo,MOO,derived from,wikipedia_summary,https://github.com/breck7/pldb/blob/main/concepts/moo.scroll,https://en.wikipedia.org/wiki/MOO_(programming_language),"based object-oriented system, with syntax roughly derived from the Algol school of programming languages.",False,candidate-needs-source-review
fortran,Fortran,mortran,Mortran,extension of,wikipedia_summary,https://github.com/breck7/pldb/blob/main/concepts/mortran.scroll,https://en.wikipedia.org/wiki/Mortran,"Mortran (More Fortran) is an extension of the Fortran programming language used for scientific computation. It introduces syntax changes, including the use of semicolons to end statements, in order to improve readability ",False,candidate-needs-source-review
assembly-language,Assembly language,mouse,Mouse,implementation of,wikipedia_summary,https://github.com/breck7/pldb/blob/main/concepts/mouse.scroll,https://en.wikipedia.org/wiki/Mouse_(programming_language),"ook describing Mouse is devoted to describing the implementation of two interpreters, one in Z80 assembly language, the other in Pascal.",False,candidate-needs-source-review
basic,BASIC,msx-basic,MSX BASIC,dialect of,wikipedia_summary,https://github.com/breck7/pldb/blob/main/concepts/msx-basic.scroll,https://en.wikipedia.org/wiki/MSX_BASIC,"MSX BASIC is a dialect of the BASIC programming language. It is an extended version of Microsoft Standard BASIC Version 4.5, and includes support for graphic, music, and various peripherals attached to MSX",False,candidate-needs-source-review
basic,BASIC,multi-user-basic,Multi-user BASIC,dialect of,wikipedia_summary,https://github.com/breck7/pldb/blob/main/concepts/multi-user-basic.scroll,https://en.wikipedia.org/wiki/Multi-user_BASIC,Multi-user BASIC was a dialect of the BASIC language for the DEC PDP-11 running the RT-11 operating system.  One or more users were supported in separate address spaces sharing the same language interpreter.  The ,False,candidate-needs-source-review
algol,Algol,neliac,NELIAC,implementation of,wikipedia_summary,https://github.com/breck7/pldb/blob/main/concepts/neliac.scroll,https://en.wikipedia.org/wiki/NELIAC,LGOL Compiler or NELIAC is a dialect and compiler implementation of the ALGOL 58 programming language developed by the Naval Electronics Laboratory in 1958. It was designed for numeric and logical computations and was the first language to provide,False,candidate-needs-source-review
basic,BASIC,northstar-basic,NorthStar BASIC,dialect of,wikipedia_summary,https://github.com/breck7/pldb/blob/main/concepts/northstar-basic.scroll,https://en.wikipedia.org/wiki/NorthStar_BASIC,NorthStar BASIC was a dialect of the programming language BASIC originally provided for use on the NorthStar Horizon and NorthStar Advantage. The interpreter was written using only Intel 8080 instructions so that,False,candidate-needs-source-review
assembly-language,Assembly language,nxc,Not eXactly C,based on,wikipedia_summary,https://github.com/breck7/pldb/blob/main/concepts/nxc.scroll,https://en.wikipedia.org/wiki/Not_eXactly_C,"n 2006. NXC, which is short for Not eXactly C, is based on Next Byte Codes, an assembly language. NXC has a syntax like C. The IDE for NXC is the Bricx Command Center. The NXC compiler is available under the Mozilla Public License. A samp",False,candidate-needs-source-review
lisp,Lisp,nyquist,Nyquist,based on,wikipedia_summary,https://github.com/breck7/pldb/blob/main/concepts/nyquist.scroll,https://en.wikipedia.org/wiki/Nyquist_(programming_language),"ramming language for sound synthesis and analysis based on the Lisp programming language. It is an extension of the XLISP dialect of Lisp, and is named after Harry Nyquist.",False,candidate-needs-source-review
oberon,Oberon,object-oberon,Object Oberon,based on,wikipedia_summary,https://github.com/breck7/pldb/blob/main/concepts/object-oberon.scroll,https://en.wikipedia.org/wiki/Object_Oberon,Object Oberon is a programming language which is based on the Oberon programming language with features for object-oriented programming. Oberon-2 was essentially a redesign of Object Oberon.,False,candidate-needs-source-review
rexx,Rexx,object-rexx,Object Rexx,extension of,wikipedia_summary,https://github.com/breck7/pldb/blob/main/concepts/object-rexx.scroll,https://en.wikipedia.org/wiki/Object_REXX," for OS/2. It is a follow-on to and a significant extension of the ""Classic Rexx"" language originally created for the CMS component of VM/SP and later ported to MVS, OS/2 and PC DOS. OS/2 version of IBM Object REXX is deeply integrated with S",False,candidate-needs-source-review
java,Java,omnis-studio,Omnis Studio,based on,wikipedia_summary,https://github.com/breck7/pldb/blob/main/concepts/omnis-studio.scroll,https://en.wikipedia.org/wiki/Omnis_Studio,"n act as a hub between database servers, services based on Java and .Net and clients like Adobe Air & Flex transferring data in the form of XML or Web services.",False,candidate-needs-source-review
java,Java,optimj,OptimJ,extension of,wikipedia_summary,https://github.com/breck7/pldb/blob/main/concepts/optimj.scroll,https://en.wikipedia.org/wiki/OptimJ,OptimJ is an extension of the Java with language support for writing optimization models and abstractions for bulk data processing. The extensions and the proprietary product implementing the extensions we,False,candidate-needs-source-review
java,Java,oracle-java,Oracle Java,implementation of,description,https://github.com/breck7/pldb/blob/main/concepts/oracle-java.scroll,https://en.wikipedia.org/wiki/Java_Development_Kit,A commercial implementation of Java provided by Oracle Corporation.,False,candidate-needs-source-review
pascal,Pascal,pascal-script,Pascal Script,based on,wikipedia_summary,https://github.com/breck7/pldb/blob/main/concepts/pascal-script.scroll,https://en.wikipedia.org/wiki/Pascal_Script,Pascal Script is a scripting language based on the programming language Pascal that facilitates automated runtime control over scriptable applications and server software. It is implemented by a free scripting engine that incl,False,candidate-needs-source-review
basic,BASIC,phoenix-object-basic,Phoenix Object Basic,implementation of,wikipedia_summary,https://github.com/breck7/pldb/blob/main/concepts/phoenix-object-basic.scroll,https://en.wikipedia.org/wiki/Phoenix_Object_Basic,"age to Linux programming. Phoenix includes a full implementation of the BASIC programming language. It was released for download in 2001 and the Linux package is at version 1.5 beta 6 (released October 2004), it also requires the distribution of a",False,candidate-needs-source-review
lisp,Lisp,portable-standard-lisp,Portable Standard Lisp,dialect of,wikipedia_summary,https://github.com/breck7/pldb/blob/main/concepts/portable-standard-lisp.scroll,https://en.wikipedia.org/wiki/Portable_Standard_Lisp," Lisp (PSL) is a tail-recursive dynamically bound dialect of Lisp inspired by its predecessor, Standard Lisp and the Portable Lisp Compiler. It was developed by researchers at the University of Utah in 1980, which released PSL 3.1; developm",False,candidate-needs-source-review
basic,BASIC,powerbasic,PowerBASIC,dialect of,wikipedia_summary,https://github.com/breck7/pldb/blob/main/concepts/powerbasic.scroll,https://en.wikipedia.org/wiki/PowerBASIC,"rcial compilers by PowerBASIC Inc. that compile a dialect of the BASIC programming language. There are both MS-DOS and Windows versions, and two kinds of the latter:  Console and Windows.  The MS-DOS version has a syntax similar to that of ",False,candidate-needs-source-review
scheme,Scheme,prescheme,Pre-Scheme,dialect of,description,https://github.com/breck7/pldb/blob/main/concepts/prescheme.scroll,,"Pre-Scheme is a statically typed dialect of the Scheme programming language, combining the flexibility of Scheme with the efficiency and low-level machine access of C.",False,candidate-needs-source-review
setl,SETL,proset,ProSet,successor to,wikipedia_summary,https://github.com/breck7/pldb/blob/main/concepts/proset.scroll,https://en.wikipedia.org/wiki/ProSet,"s being developed at the University of Essen as a successor to SETL. It is a very-high level language that supports prototyping. ProSet provides the following first-class data types: atom, integer, real, string, boolean, tuple, set. Functions",False,candidate-needs-source-review
basic,BASIC,proteus-programming-language,Proteus,derived from,wikipedia_summary,https://github.com/breck7/pldb/blob/main/concepts/proteus-programming-language.scroll,https://en.wikipedia.org/wiki/Proteus_%28programming_language%29,"mone Zanella. Proteus incorporates many functions derived from several other languages: C, BASIC, Assembly, Clipper/dBase;  it is especially versatile in dealing with strings, having hundreds of dedicated functions; this makes it one of the r",False,candidate-needs-source-review
basic,BASIC,providex,ProvideX,derived from,wikipedia_summary,https://github.com/breck7/pldb/blob/main/concepts/providex.scroll,https://en.wikipedia.org/wiki/ProvideX,s a computer language and development environment derived from Business Basic (a business oriented derivative of BASIC) in the mid-1980s. ProvideX is available on several operating systems (Unix/Linux/Windows/Mac OS X) and includes not only t,False,candidate-needs-source-review
algol,Algol,ps-algol,PS-algol,extension of,wikipedia_summary,https://github.com/breck7/pldb/blob/main/concepts/ps-algol.scroll,https://en.wikipedia.org/wiki/PS-algol," persistent programming language. PS-algol was an extension of the language S-algol implemented by the University of St Andrews and the University of Edinburgh, Scotland. S-algol was designed by Ron Morrison, and extended and by Pete Bailey, ",False,candidate-needs-source-review
basic,BASIC,purebasic,PureBasic,based on,wikipedia_summary,https://github.com/breck7/pldb/blob/main/concepts/purebasic.scroll,https://en.wikipedia.org/wiki/PureBasic,"g language and integrated development environment based on BASIC and developed by Fantaisie Software for Windows 32/64-bit, Linux 32/64-bit, and macOS. An Amiga version is available, although it has been discontinued and some parts of it ",False,candidate-needs-source-review
python,Python,python-for-s60,Python for S60,based on,wikipedia_summary,https://github.com/breck7/pldb/blob/main/concepts/python-for-s60.scroll,https://en.wikipedia.org/wiki/Python_for_S60,"language to its S60 software platform, originally based on Python 2.2.2 from 2002. The latest final version, PyS60-2.0.0, released on 11 February 2010 updated the python core to version 2.5.4.",False,candidate-needs-source-review
basic,BASIC,quickbasic,QuickBASIC,based on,wikipedia_summary,https://github.com/breck7/pldb/blob/main/concepts/quickbasic.scroll,https://en.wikipedia.org/wiki/QuickBASIC,"ved version for the classic Mac OS. It is loosely based on GW-BASIC but adds user-defined types, improved programming structures, better graphics and disk support and a compiler in addition to the interpreter.  Microsoft marketed QuickBAS",False,candidate-needs-source-review
java,Java,rainbow,rainbow,implementation of,description,https://github.com/breck7/pldb/blob/main/concepts/rainbow.scroll,,"Rainbow is an implementation of Arc in Java. It is fairly complete, providing continuations and tail-call optimization.",False,candidate-needs-source-review
basic,BASIC,rapidq,RapidQ,dialect of,wikipedia_summary,https://github.com/breck7/pldb/blob/main/concepts/rapidq.scroll,https://en.wikipedia.org/wiki/RapidQ,") is a free, cross-platform, semi-object-oriented dialect of the BASIC programming language. It can create console, graphical user interface, and Common Gateway Interface applications. The integrated development environment includes a drag-",False,candidate-needs-source-review
ratfor,RATFOR,ratfiv,Ratfiv,based on,wikipedia_summary,https://github.com/breck7/pldb/blob/main/concepts/ratfiv.scroll,https://en.wikipedia.org/wiki/Ratfiv,"Group) SIG (Special Interest Group) tapes.  It is based on the original Ratfor by B. Kernighan and P. J. Plauger, with rewrites and enhancements by David Hanson and friends (U. of Arizona), Joe Sventek and Debbie Scherrer (Lawrence Berkel",False,candidate-needs-source-review
basic,BASIC,rbasic,rbasic,dialect of,description,https://github.com/breck7/pldb/blob/main/concepts/rbasic.scroll,,"ime, Medi-Sec was run by Neal Green. RBASIC was a dialect of BASIC with an included relational database.",False,candidate-needs-source-review
racket,Racket,rockstar-rkt,rockstar-rkt,implementation of,description,https://github.com/breck7/pldb/blob/main/concepts/rockstar-rkt.scroll,,Implementation of Rockstar in Racket.,False,candidate-needs-source-review
basic,BASIC,rocky-mountain-basic,Rocky Mountain BASIC,dialect of,wikipedia_summary,https://github.com/breck7/pldb/blob/main/concepts/rocky-mountain-basic.scroll,https://en.wikipedia.org/wiki/Rocky_Mountain_BASIC,Rocky Mountain BASIC (also RMB or RM-BASIC) is a dialect of the BASIC programming language created by Hewlett-Packard.  It was especially popular for control of automatic test equipment using GPIB.  It has several features which are or wer,False,candidate-needs-source-review
lisp,Lisp,rpl,RPL,derived from,wikipedia_summary,https://github.com/breck7/pldb/blob/main/concepts/rpl.scroll,https://en.wikipedia.org/wiki/RPL_(programming_language),"RPL (derived from Reverse Polish Lisp according to its original developers, whilst for a short while in 1987 HP marketing attempted to coin the backronym ROM-based Procedural Language for it) is a ",False,candidate-needs-source-review
rebol,REBOL,rsharp,rsharp,based on,description,https://github.com/breck7/pldb/blob/main/concepts/rsharp.scroll,,R# is a free programming language based on REBOL.,False,candidate-needs-source-review
algol,Algol,rtl-2,RTL/2,based on,wikipedia_summary,https://github.com/breck7/pldb/blob/main/concepts/rtl-2.scroll,https://en.wikipedia.org/wiki/RTL/2,"ng (hence the initials RTL = real-time language). Based on concepts from Algol 68, it was intended to be a small, simple language. RTL/2 was standardised in 1980 by the British Standards Institution.RTL/2 was a strongly typed language wit",False,candidate-needs-source-review
basic,BASIC,run-basic,Run BASIC,based on,wikipedia_summary,https://github.com/breck7/pldb/blob/main/concepts/run-basic.scroll,https://en.wikipedia.org/wiki/Run_BASIC,"Run BASIC is a web application server, based on the Liberty BASIC version of the BASIC programming language.",False,candidate-needs-source-review
algol,Algol,s3,S3,influenced by,wikipedia_summary,https://github.com/breck7/pldb/blob/main/concepts/s3.scroll,https://en.wikipedia.org/wiki/S3_(programming_language),. It is a system programming language with syntax influenced by ALGOL 68 but with data types and operators aligned to those offered by the 2900 Series.  It was the implementation language of the operating system VME.,False,candidate-needs-source-review
scheme,Scheme,scheme48,Scheme 48,implementation of,description,https://github.com/breck7/pldb/blob/main/concepts/scheme48.scroll,,"Scheme 48 is an implementation of Scheme written by Richard Kelsey and Jonathan Rees. The name ‘Scheme 48’ commemorates our having written the original version in forty-eight hours, on August 6th and 7th, 1986.",False,candidate-needs-source-review
scheme,Scheme,scm,SCM,dialect of,wikipedia_summary,https://github.com/breck7/pldb/blob/main/concepts/scm.scroll,https://en.wikipedia.org/wiki/SCM_(Scheme_implementation),"SCM is a programming language, a dialect of the language Scheme. It is written in the  language C, by Aubrey Jaffer, the author of the SLIB Scheme library and the JACAL interactive computer algebra (symbolic mathematics) pr",False,candidate-needs-source-review
java,Java,secure-operations-language,Secure Operations Language,extension of,wikipedia_summary,https://github.com/breck7/pldb/blob/main/concepts/secure-operations-language.scroll,https://en.wikipedia.org/wiki/Secure_Operations_Language,"ce-based systems. Concurrently, a domain-specific extension of Java (SOLj) is being developed (FTDCS 2007) Application domains include sensor networks, defense and space systems, healthcare delivery, power control, etc. The investigators of t",False,candidate-needs-source-review
smalltalk,Smalltalk,self,Self,dialect of,wikipedia_summary,https://github.com/breck7/pldb/blob/main/concepts/self.scroll,https://en.wikipedia.org/wiki/Self_(programming_language),"sed on the concept of prototypes. Self began as a dialect of Smalltalk, being dynamically typed and using just-in-time compilation (JIT) as well as the prototype-based approach to objects: it was first used as an experimental test system fo",False,candidate-needs-source-review
basic,BASIC,sinclair-basic,Sinclair BASIC,dialect of,wikipedia_summary,https://github.com/breck7/pldb/blob/main/concepts/sinclair-basic.scroll,https://en.wikipedia.org/wiki/Sinclair_BASIC,Sinclair BASIC is a dialect of the programming language BASIC used in the 8-bit home computers from Sinclair Research and Timex Sinclair. The Sinclair BASIC interpreter was made by Nine Tiles Networks Ltd.,False,candidate-needs-source-review
python,Python,skulpt,skulpt,implementation of,description,https://github.com/breck7/pldb/blob/main/concepts/skulpt.scroll,,Skulpt is an entirely in-browser implementation of Python.,False,candidate-needs-source-review
haskell,Haskell,slack,SLACK,modelled on,description,https://github.com/breck7/pldb/blob/main/concepts/slack.scroll,,"SLACK is a compiler for a lazy functional K, modelled on David Turner's SASL language, the precursor of Haskell and Miranda.",False,candidate-needs-source-review
smalltalk,Smalltalk,smalltalk-mt,Smalltalk MT,implementation of,wikipedia_summary,https://github.com/breck7/pldb/blob/main/concepts/smalltalk-mt.scroll,https://en.wikipedia.org/wiki/Smalltalk_MT,Smalltalk MT is an implementation of the Smalltalk programming language created in 1994 by Tarik Kerroum to deal with some of the shortcomings of Smalltalk-80 style of implementations. Smalltalk MT adopts a different,False,candidate-needs-source-review
basic,BASIC,southampton-basic-system,Southampton BASIC System,dialect of,wikipedia_summary,https://github.com/breck7/pldb/blob/main/concepts/southampton-basic-system.scroll,https://en.wikipedia.org/wiki/Southampton_BASIC_System,Southampton BASIC System (SOBS) was a dialect of the BASIC programming language developed for and used on ICT 1900 series computers in the late 1960s and early 1970s; it was implemented under the MINIMOP operating system at the ,False,candidate-needs-source-review
snobol,SNOBOL,spitbol,SPITBOL,implementation of,wikipedia_summary,https://github.com/breck7/pldb/blob/main/concepts/spitbol.scroll,https://en.wikipedia.org/wiki/SPITBOL,"SPITBOL (Speedy Implementation of SNOBOL) is a compiled implementation of the SNOBOL4 programming language. Originally targeted for the IBM System/360 and System/370 family of computers, it has now been ported to ",False,candidate-needs-source-review
smalltalk,Smalltalk,squeak,Squeak,dialect of,wikipedia_summary,https://github.com/breck7/pldb/blob/main/concepts/squeak.scroll,https://en.wikipedia.org/wiki/Squeak,"The Squeak programming language is a dialect of Smalltalk. It is object-oriented, class-based, and reflective. It was derived directly from Smalltalk-80 by a group at Apple Computer that included some of the original Smalltalk-",False,candidate-needs-source-review
lisp,Lisp,starlogo,StarLogo,extension of,wikipedia_summary,https://github.com/breck7/pldb/blob/main/concepts/starlogo.scroll,https://en.wikipedia.org/wiki/StarLogo,"cher Education Program in Massachusetts. It is an extension of the Logo programming language, a dialect of Lisp. Designed for education, StarLogo can be used by students to model the behavior of decentralized systems. The first StarLogo ran o",False,candidate-needs-source-review
basic,BASIC,staroffice-basic,StarOffice Basic,dialect of,wikipedia_summary,https://github.com/breck7/pldb/blob/main/concepts/staroffice-basic.scroll,https://en.wikipedia.org/wiki/StarOffice_Basic,s StarOffice Basic or StarBasic or OOoBasic) is a dialect of the programming language BASIC that originated with the StarOffice office suite and spread through OpenOffice.org and derivatives such as LibreOffice (where it is known as LibreOf,False,candidate-needs-source-review
basic,BASIC,stos-basic,STOS BASIC,dialect of,wikipedia_summary,https://github.com/breck7/pldb/blob/main/concepts/stos-basic.scroll,https://en.wikipedia.org/wiki/STOS_BASIC,"STOS BASIC is a dialect of the BASIC programming language implemented on the Atari ST computer. STOS BASIC was originally developed by Jawx, François Lionet, and Constantin Sotiropoulos and published by Man",False,candidate-needs-source-review
ruby,Ruby,streem,Streem,based on,description,https://github.com/breck7/pldb/blob/main/concepts/streem.scroll,,"stream based concurrent scripting language. It is based on a programming model similar to the shell, with influences from Ruby, Erlang, and other functional programming languages.",False,candidate-needs-source-review
sass,Sass,stylus,Stylus,influenced by,wikipedia_summary,https://github.com/breck7/pldb/blob/main/concepts/stylus.scroll,https://en.wikipedia.org/wiki/Stylus_(stylesheet_language)," into Cascading Style Sheets (CSS). Its design is influenced by Sass and LESS. It's regarded as the fourth most used CSS preprocessor syntax. It was created by TJ Holowaychuk, a former programmer for Node.js and the creator of the Luna languag",False,candidate-needs-source-review
prolog,Prolog,swi-prolog,SWI Prolog,implementation of,wikipedia_summary,https://github.com/breck7/pldb/blob/main/concepts/swi-prolog.scroll,https://en.wikipedia.org/wiki/SWI-Prolog,"SWI-Prolog is a free implementation of the programming language Prolog, commonly used for teaching and semantic web applications. It has a rich set of features, libraries for constraint logic programming, multithreadin",False,candidate-needs-source-review
assembly-language,Assembly language,sympl,SYMPL,based on,wikipedia_summary,https://github.com/breck7/pldb/blob/main/concepts/sympl.scroll,https://en.wikipedia.org/wiki/SYMPL," computer systems in the 1970s and 1980s.  It was based on a subset of CDCs version of JOVIAL, as an alternative to assembly language.  A number of important CDC software products were implemented in SYMPL, including compilers, libraries,",False,candidate-needs-source-review
verilog,Verilog,systemverilog,SystemVerilog,based on,wikipedia_summary,https://github.com/breck7/pldb/blob/main/concepts/systemverilog.scroll,https://en.wikipedia.org/wiki/SystemVerilog,"nd implement electronic systems. SystemVerilog is based on Verilog and some extensions, and since 2008 Verilog is now part of the same IEEE standard. It is commonly used in the semiconductor and electronic design industry as an evolution ",False,candidate-needs-source-review
lisp,Lisp,t,T,dialect of,wikipedia_summary,https://github.com/breck7/pldb/blob/main/concepts/t.scroll,https://en.wikipedia.org/wiki/T_(programming_language),"published the book ""The T Programming Language: A Dialect of LISP"". T contains some features that modern Scheme does not have. For example, T is object-oriented, and it has first-class environments, called locales, which can be modified non",False,candidate-needs-source-review
scheme,Scheme,t,T,dialect of,wikipedia_summary,https://github.com/breck7/pldb/blob/main/concepts/t.scroll,https://en.wikipedia.org/wiki/T_(programming_language),"The T programming language is a dialect of the Scheme programming language developed in the early 1980s by Jonathan A. Rees, Kent M. Pitman, and Norman I. Adams of Yale University as an experiment in language design and im",False,candidate-needs-source-review
basic,BASIC,tektronix,Tektronix 4050,dialect of,wikipedia_summary,https://github.com/breck7/pldb/blob/main/concepts/tektronix.scroll,https://en.wikipedia.org/wiki/Tektronix_4050,"ncluded six character sets in ROM and an extended dialect of BASIC that included various vector drawing commands. The 4051 was released in 1975 for the base price of $5,995. Adding the optional RS-232 interface allowed it to emulate a Tektr",False,candidate-needs-source-review
basic,BASIC,tiny-basic,Tiny BASIC,dialect of,wikipedia_summary,https://github.com/breck7/pldb/blob/main/concepts/tiny-basic.scroll,https://en.wikipedia.org/wiki/Tiny_BASIC,"Tiny BASIC is a dialect of the BASIC programming language that can fit into as little as 2 or 3 KB of memory. This small size made it invaluable in the early days of microcomputers in the mid-1970s, when ty",False,candidate-needs-source-review
bcpl,BCPL,tmg,TMG,influenced by,wikipedia_summary,https://github.com/breck7/pldb/blob/main/concepts/tmg.scroll,https://en.wikipedia.org/wiki/TMG_(language),reating the B programming language which was much influenced by BCPL.,False,candidate-needs-source-review
forth,Forth,toadskin,toadskin,influenced by,description,https://github.com/breck7/pldb/blob/main/concepts/toadskin.scroll,,Toadskin is a tarpit programming language influenced by BrainF**k and Forth. It is stack-based and supports definition of Forth-like words. All instructions and words are one character in length and should be familiar to anyone who has,False,candidate-needs-source-review
basic,BASIC,turbo-basic,Turbo Basic,dialect of,wikipedia_summary,https://github.com/breck7/pldb/blob/main/concepts/turbo-basic.scroll,https://en.wikipedia.org/wiki/Turbo_Basic,"rcial compilers by PowerBASIC Inc. that compile a dialect of the BASIC programming language. There are both MS-DOS and Windows versions, and two kinds of the latter:  Console and Windows.  The MS-DOS version has a syntax similar to that of ",False,candidate-needs-source-review
pascal,Pascal,turbo-pascal,Turbo Pascal,dialect of,wikipedia_summary,https://github.com/breck7/pldb/blob/main/concepts/turbo-pascal.scroll,https://en.wikipedia.org/wiki/Turbo_Pascal,"ascal is also used more generically for Borland's dialect of the Pascal programming language, significantly different from Standard Pascal. Borland has released three old versions of Turbo Pascal free of charge because of their historical i",False,candidate-needs-source-review
javascript,JavaScript,tynker,Tynker,based on,wikipedia_summary,https://github.com/breck7/pldb/blob/main/concepts/tynker.scroll,https://en.wikipedia.org/wiki/Tynker,"Scratch, just like Hopscotch and Snap!. Tynker is based on HTML5 and JavaScript, and can be used in the browser without plugins, as well as on tablets and smartphones. Another difference is that Scratch is a free open source project, whil",False,candidate-needs-source-review
basic,BASIC,ubercode,Ubercode,influenced by,wikipedia_summary,https://github.com/breck7/pldb/blob/main/concepts/ubercode.scroll,https://en.wikipedia.org/wiki/Ubercode,leased in 2005 for Microsoft Windows. Ubercode is influenced by Eiffel and BASIC. It is commercial software and can be tried out for free for 30 days. Ubercode has the following design goals:  Compilable language—compiled into Windows EXE file,False,candidate-needs-source-review
icon,Icon,unicon,Unicon,dialect of,wikipedia_summary,https://github.com/breck7/pldb/blob/main/concepts/unicon.scroll,https://en.wikipedia.org/wiki/Unicon_(programming_language),"lity. The name is shorthand for ""Unified Extended Dialect of Icon."" Compared with Icon, many of the new features of Unicon are extensions to the I/O and system interface, to complement Icon's core control and data structures. Rather than pr",False,candidate-needs-source-review
basic,BASIC,vilnius-basic,Vilnius BASIC,dialect of,wikipedia_summary,https://github.com/breck7/pldb/blob/main/concepts/vilnius-basic.scroll,https://en.wikipedia.org/wiki/Vilnius_BASIC,Vilnius BASIC is a dialect of the BASIC programming language running on the Elektronika BK-0010-01/BK-0011M and UKNC computers.It was a quite advanced BASIC and featured a runtime threaded code compiler that c,False,candidate-needs-source-review
prolog,Prolog,visual-prolog,Visual Prolog,extension of,wikipedia_summary,https://github.com/breck7/pldb/blob/main/concepts/visual-prolog.scroll,https://en.wikipedia.org/wiki/Visual_Prolog,"Turbo Prolog, is a strongly typed object-oriented extension of Prolog.  As Turbo Prolog, it was marketed by Borland but it is now developed and marketed by the Danish firm Prolog Development Center (PDC) that originally developed it. Visual P",False,candidate-needs-source-review
smalltalk,Smalltalk,visualworks,VisualWorks,implementation of,wikipedia_summary,https://github.com/breck7/pldb/blob/main/concepts/visualworks.scroll,https://en.wikipedia.org/wiki/VisualWorks,"VisualWorks is a cross-platform implementation of the Smalltalk language. It is implemented as a development system based on ""images"", which are dynamic collections of software objects, each contained in a system image. The linea",False,candidate-needs-source-review
fortran,Fortran,watfiv,WATFIV,implementation of,wikipedia_summary,https://github.com/breck7/pldb/blob/main/concepts/watfiv.scroll,https://en.wikipedia.org/wiki/WATFIV,"loped at the University of Waterloo, Canada is an implementation of the Fortran computer programming language. It is the successor of WATFOR. WATFIV was used from the late 1960s into the mid-1980s. WATFIV was in turn succeeded by later versions of",False,candidate-needs-source-review
visual-basic,Visual Basic,winwrap-basic,WinWrap Basic,based on,wikipedia_summary,https://github.com/breck7/pldb/blob/main/concepts/winwrap-basic.scroll,https://en.wikipedia.org/wiki/WinWrap_Basic,"Engineering, Inc. is a third-party macro language based on Visual Basic used with programmes of various types  which its vendor touts as an alternative to ActiveX (e.g. VBScript, JScript, PerlScript, Rexx-based WSH engines and others), Vi",False,candidate-needs-source-review
javascript,JavaScript,wmlscript,WMLScript,dialect of,wikipedia_summary,https://github.com/breck7/pldb/blob/main/concepts/wmlscript.scroll,https://en.wikipedia.org/wiki/WMLScript,MLScript is a procedural programming language and dialect of JavaScript used for WML pages and is part of the Wireless Application Protocol (WAP). WMLScript is a client-side scripting language and is similar to JavaScript. Just like JavaScr,False,candidate-needs-source-review
basic,BASIC,wxbasic,WxBasic,based on,wikipedia_summary,https://github.com/breck7/pldb/blob/main/concepts/wxbasic.scroll,https://en.wikipedia.org/wiki/WxBasic,"tware, cross-platform BASIC interpreter. As it is based on syntax of the BASIC language, it is designed to be simple to learn and understand, and allow novice programmers to write applications for graphical environments like Windows and L",False,candidate-needs-source-review
perl,Perl,yaml,YAML,based on,wikipedia_summary,https://github.com/breck7/pldb/blob/main/concepts/yaml.scroll,https://en.wikipedia.org/wiki/YAML," as hashes or dictionaries). These data types are based on the Perl programming language, though all commonly used high-level programming languages share very similar concepts. YAML supports both Python-style indentation to indicate nesti",False,candidate-needs-source-review
prolog,Prolog,yap-prolog,YAP,implementation of,wikipedia_summary,https://github.com/breck7/pldb/blob/main/concepts/yap-prolog.scroll,https://en.wikipedia.org/wiki/YAP_%28Prolog%29,"YAP is an open-source, high-performance implementation of the Prolog  programming language developed at LIACC/Universidade do Porto and at COPPE Sistemas/UFRJ. Its Prolog engine is based in the WAM (Warren Abstract Machine), with several",False,candidate-needs-source-review
